Brands,Rating
ASUS,4.080909090909091
Apple,4.5665369649805445
GIONEE,3.8499999999999996
Google Pixel,4.506896551724138
HTC,3.9690909090909092
IQOO,4.4
Infinix,4.276
LG,3.9816326530612245
Lenovo,3.9706896551724133
Motorola,4.142156862745098
Nokia,4.004371584699453
OPPO,4.297177419354839
POCO,4.387671232876713
SAMSUNG,4.208469539375929
Xiaomi,4.304712041884817
realme,4.393840579710145
vivo,4.392982456140351
